{"_wandb": {"runtime": 45468}, "gradients/critic.qf0.4.bias": {"_type": "histogram", "values": [1.0], "bins": [-1.0, -1.0]}, "_timestamp": 1721125605.6729548, "gradients/critic.qf0.4.weight": {"_type": "histogram", "values": [2.0, 0.0, 0.0, 0.0, 0.0, 0.0, 0.0, 1.0, 1.0, 0.0, 1.0, 3.0, 1.0, 2.0, 2.0, 2.0, 0.0, 1.0, 0.0, 0.0, 0.0, 2.0, 1.0, 0.0, 0.0, 2.0, 0.0, 2.0, 0.0, 2.0, 2.0, 1.0, 1.0, 0.0, 0.0, 0.0, 0.0, 0.0, 0.0, 1.0, 1.0, 2.0, 0.0, 1.0, 2.0, 0.0, 2.0, 2.0, 2.0, 0.0, 2.0, 2.0, 3.0, 2.0, 3.0, 8.0, 6.0, 6.0, 11.0, 8.0, 14.0, 22.0, 22.0, 149.0], "bins": [-5.378262519836426, -5.294227123260498, -5.21019172668457, -5.126156330108643, -5.042120933532715, -4.958085536956787, -4.874050617218018, -4.79001522064209, -4.705979824066162, -4.621944427490234, -4.537909030914307, -4.453873634338379, -4.369838237762451, -4.285802841186523, -4.201767444610596, -4.117732048034668, -4.033697128295898, -3.9496614933013916, -3.865626096725464, -3.7815909385681152, -3.6975555419921875, -3.6135201454162598, -3.529484748840332, -3.4454493522644043, -3.3614139556884766, -3.277378797531128, -3.1933434009552, -3.1093080043792725, -3.0252726078033447, -2.941237211227417, -2.8572020530700684, -2.7731666564941406, -2.689131259918213, -2.605095863342285, -2.5210604667663574, -2.437025308609009, -2.352989912033081, -2.2689545154571533, -2.1849191188812256, -2.100883722305298, -2.016848564147949, -1.932813048362732, -1.8487777709960938, -1.764742374420166, -1.6807069778442383, -1.5966717004776, -1.5126363039016724, -1.4286010265350342, -1.3445656299591064, -1.2605302333831787, -1.1764949560165405, -1.0924595594406128, -1.0084242820739746, -0.9243888854980469, -0.8403534889221191, -0.7563181519508362, -0.6722828149795532, -0.5882474780082703, -0.5042121410369873, -0.42017674446105957, -0.3361414074897766, -0.25210607051849365, -0.1680707037448883, -0.08403535187244415, 0.0]}, "gradients/critic.qf0.2.bias": {"_type": "histogram", "values": [1.0, 0.0, 0.0, 1.0, 4.0, 1.0, 2.0, 0.0, 2.0, 0.0, 1.0, 3.0, 1.0, 2.0, 3.0, 1.0, 1.0, 0.0, 1.0, 0.0, 3.0, 2.0, 3.0, 4.0, 5.0, 3.0, 3.0, 9.0, 9.0, 11.0, 16.0, 15.0, 112.0, 12.0, 10.0, 7.0, 4.0, 6.0, 7.0, 10.0, 7.0, 2.0, 4.0, 1.0, 2.0, 0.0, 0.0, 4.0, 1.0, 0.0, 1.0, 0.0, 0.0, 0.0, 2.0, 0.0, 0.0, 0.0, 0.0, 0.0, 0.0, 0.0, 0.0, 1.0], "bins": [-0.7056193351745605, -0.6835871338844299, -0.6615548729896545, -0.6395226716995239, -0.6174904704093933, -0.5954582691192627, -0.5734260082244873, -0.5513938069343567, -0.5293616056442261, -0.5073293447494507, -0.48529714345932007, -0.46326494216918945, -0.44123271107673645, -0.41920050978660583, -0.39716827869415283, -0.3751360774040222, -0.3531038463115692, -0.3310716152191162, -0.3090394139289856, -0.2870071828365326, -0.264974981546402, -0.24294275045394897, -0.22091053426265717, -0.19887831807136536, -0.17684610188007355, -0.15481388568878174, -0.13278166949748993, -0.11074944585561752, -0.08871722966432571, -0.0666850134730339, -0.0446527935564518, -0.02262057550251484, -0.0005883574485778809, 0.021443860605359077, 0.043476078659296036, 0.06550829857587814, 0.08754051476716995, 0.10957273095846176, 0.13160495460033417, 0.15363717079162598, 0.17566938698291779, 0.1977016031742096, 0.2197338193655014, 0.2417660355567932, 0.2637982666492462, 0.28583046793937683, 0.30786269903182983, 0.32989490032196045, 0.35192713141441345, 0.37395936250686646, 0.39599156379699707, 0.4180237948894501, 0.4400559961795807, 0.4620882272720337, 0.4841204285621643, 0.5061526298522949, 0.5281848907470703, 0.5502170920372009, 0.5722492933273315, 0.5942815542221069, 0.6163137555122375, 0.6383459568023682, 0.6603781580924988, 0.6824104189872742, 0.7044426202774048]}, "gradients/critic.qf0.2.weight": {"_type": "histogram", "values": [1.0, 0.0, 0.0, 1.0, 2.0, 2.0, 2.0, 1.0, 2.0, 2.0, 3.0, 6.0, 1.0, 5.0, 10.0, 5.0, 7.0, 11.0, 10.0, 10.0, 16.0, 24.0, 33.0, 39.0, 45.0, 38.0, 77.0, 94.0, 113.0, 135.0, 153.0, 272.0, 328.0, 485.0, 777.0, 1190.0, 2173.0, 5063.0, 86298.0, 14688.0, 3488.0, 1668.0, 1006.0, 599.0, 386.0, 229.0, 148.0, 107.0, 64.0, 61.0, 32.0, 22.0, 17.0, 13.0, 7.0, 3.0, 8.0, 4.0, 3.0, 4.0, 3.0, 3.0, 2.0, 1.0], "bins": [-0.7653560042381287, -0.7456802725791931, -0.7260046005249023, -0.7063288688659668, -0.6866531372070312, -0.6669774651527405, -0.6473017334938049, -0.6276260614395142, -0.6079503297805786, -0.5882745981216431, -0.5685989260673523, -0.5489231944084167, -0.529247522354126, -0.5095717906951904, -0.4898960590362549, -0.4702203571796417, -0.45054465532302856, -0.4308689534664154, -0.41119325160980225, -0.3915175199508667, -0.37184181809425354, -0.3521661162376404, -0.33249038457870483, -0.3128146827220917, -0.2931389808654785, -0.27346327900886536, -0.2537875771522522, -0.23411184549331665, -0.2144361436367035, -0.19476044178009033, -0.17508472502231598, -0.15540900826454163, -0.13573327660560608, -0.11605756729841232, -0.09638185799121857, -0.07670614868402481, -0.057030439376831055, -0.0373547300696373, -0.017679020762443542, 0.0019966885447502136, 0.02167239785194397, 0.041348107159137726, 0.06102381646633148, 0.08069952577352524, 0.100375235080719, 0.12005094438791275, 0.1397266536951065, 0.15940237045288086, 0.17907807230949402, 0.19875377416610718, 0.21842949092388153, 0.23810520768165588, 0.25778090953826904, 0.2774566113948822, 0.29713231325149536, 0.3168080449104309, 0.33648374676704407, 0.3561594486236572, 0.3758351802825928, 0.39551088213920593, 0.4151865839958191, 0.43486228585243225, 0.4545379877090454, 0.47421371936798096, 0.4938894212245941]}, "gradients/critic.qf0.0.bias": {"_type": "histogram", "values": [4.0, 0.0, 1.0, 3.0, 3.0, 3.0, 2.0, 3.0, 5.0, 3.0, 4.0, 6.0, 14.0, 14.0, 31.0, 41.0, 143.0, 62.0, 18.0, 15.0, 6.0, 3.0, 1.0, 2.0, 1.0, 0.0, 0.0, 1.0, 0.0, 1.0, 0.0, 0.0, 1.0, 0.0, 0.0, 0.0, 1.0, 0.0, 0.0, 1.0, 0.0, 1.0, 1.0, 0.0, 0.0, 1.0, 0.0, 0.0, 0.0, 0.0, 0.0, 0.0, 0.0, 1.0, 0.0, 1.0, 0.0, 0.0, 0.0, 0.0, 0.0, 0.0, 1.0, 1.0], "bins": [-3.810089111328125, -3.5815248489379883, -3.3529603481292725, -3.1243958473205566, -2.89583158493042, -2.667267322540283, -2.4387028217315674, -2.2101383209228516, -1.9815740585327148, -1.7530096769332886, -1.5244452953338623, -1.295880913734436, -1.0673165321350098, -0.8387521505355835, -0.6101877689361572, -0.38162338733673096, -0.1530590057373047, 0.07550537586212158, 0.30406975746154785, 0.5326341390609741, 0.7611985206604004, 0.9897629022598267, 1.218327283859253, 1.4468916654586792, 1.6754560470581055, 1.9040204286575317, 2.132584810256958, 2.361149311065674, 2.5897135734558105, 2.8182778358459473, 3.046842336654663, 3.275406837463379, 3.5039710998535156, 3.7325353622436523, 3.961099863052368, 4.189664363861084, 4.418228626251221, 4.646792888641357, 4.875357627868652, 5.103921890258789, 5.332486152648926, 5.5610504150390625, 5.789614677429199, 6.018179416656494, 6.246743679046631, 6.475307941436768, 6.7038726806640625, 6.932436943054199, 7.161001205444336, 7.389565467834473, 7.618129730224609, 7.846694469451904, 8.075258255004883, 8.303823471069336, 8.532387733459473, 8.76095199584961, 8.989516258239746, 9.218080520629883, 9.44664478302002, 9.675209045410156, 9.90377426147461, 10.132338523864746, 10.360902786254883, 10.58946704864502, 10.818031311035156]}, "gradients/critic.qf0.0.weight": {"_type": "histogram", "values": [2.0, 0.0, 0.0, 1.0, 2.0, 0.0, 4.0, 3.0, 1.0, 3.0, 6.0, 7.0, 8.0, 4.0, 5.0, 15.0, 23.0, 45.0, 171.0, 3091.0, 116.0, 29.0, 15.0, 7.0, 10.0, 7.0, 3.0, 2.0, 1.0, 3.0, 1.0, 0.0, 1.0, 2.0, 1.0, 1.0, 1.0, 0.0, 1.0, 0.0, 0.0, 0.0, 1.0, 1.0, 0.0, 1.0, 0.0, 1.0, 1.0, 0.0, 0.0, 0.0, 0.0, 0.0, 0.0, 0.0, 0.0, 0.0, 2.0, 0.0, 0.0, 0.0, 0.0, 1.0],